노선,시설유형,개통연도,군,재구조화_asof,요금이벤트,근거,메타출처
우면산,도시권-정체형,2004,1군(홀드아웃),"2016.1 — MRG 폐지→통행료수입 분할관리방식 전환, 미지급 MRG 238억 소멸, 수익률 향후 5.37%(전기간 8.95%)로 재조정 (서울시 공식 보도)","2011.12.17 통행료 2,000→2,500원 인상 · 2016.1 재구조화 시 2,500원 2033년까지 동결","facilityType: v2-overcoming-design §2 시설유형 4그룹 정의에서 우면산이 ③도시권-정체형 예시로 직접 명기됨('문학 46→52 · 우면산 — 배후 개발 부재 더미로 ②성장형과 구분'). 케이스 스크립트 [관찰]도 동일 근거 — '도시 단거리 유료터널(무료 대체로 존재)은 고속도로 램프업 분포와 다른 모집단'(간선 배제), 2004→2014 실현율 26.3→63.0%이나 원장 특이 라벨 '도시터널 만성 저실현(우면산 동류=문학)' 계열로 배후 개발 성장 서사 부재(성장형 배제), 해상교량 등 아님(특수 배제). openYear: 스크립트 OPEN_YEAR=2004(개통 2004.1.6, 소음 문제로 연기). cohort: verification_ledger.csv V-009 행 '",ETL-케이스
문학,도시권-정체형,2002,1군,"2013~2015 상충(인천in ""2013"" vs 인천투데이 ""2015부터"" vs 원적·만월 변경협약 2014.4 — 병기·규명 과제) — 인천 3터널(만월·원적·문학) 일괄 MRG 폐지→SCS 전환, 수익률 ~12%→4.9%(확정), 문학 재정절감 408억",2022.3.30 협약 종료 → 2022.4.1 무료화·기부채납(20년 완결 3호). 개통 통행료 소형 700원(문화대전 — 위키 600원과 상충 병기). 운영기 중 별도 요금 인하 이벤트 기록 없음,"①facilityType=도시권-정체형: v2-overcoming-design §1 시설유형 그룹 ③ 정의에 ""도시권-정체형(문학 46→52 · 우면산 — 배후 개발 부재 더미로 ②와 구분)""으로 문학이 명시적 예시로 등재. 케이스 스크립트도 docstring 특이 줄 ""도시터널 **정체형**(46→52%, 20년 — 마창·일산·범안로의 성장 회복형과 대조: 도시권 내 이질성)"" 및 관찰 줄 ""배후 개발(신도시·산업)이 없는 순수 시내 연결 터널은 회복 동력 부재""로 동일 판정. LEN_KM=1.5(짧은 시내 연결 터널), 인천시 관할 — 간선 고속도로 축 아님·해상교량 등 특수 아님. ②openYear=2002: 스크립트 OPEN_YEAR=2002, docstring ""개통 2002.3.15·운영 2002",ETL-케이스
거가,특수,2011,1군(홀드아웃),"2013.11.11 2차 변경실시협약 — MRG 77.55%/20년 폐지→비용보전(SCS, 투자비+운영비), 수익률 12.5%→4.7%(변동 4.55%·고정 5.05%, 50:50), 출자자 대우건설 등 8사→KBGK사모신탁","없음 (통행료 10,000원·CPI 인상 가정 — 인하·무료화 이벤트 스크립트에 없음; 다만 협약 CPI 인상 대비 동결 관행 여부는 케이스 스크립트에 미기재)","facilityType=특수: v2-overcoming-design §1 시설유형 그룹 ④'특수·단일목적'에 거가가 명시(""거가 무램프업 60%대 — 배후 산업 경기 연동"") + 스크립트 docstring ""8.2km 해상 사장교+침매터널""(해상교량=특수 판정 기준 부합) + [관찰] ""수요가 특정 산업(조선) 경기에 종속된 단일 목적 노선의 전형""·""실현율 69.3%(11)→65.2%(15) 램프업 없이 60%대 정체"" + OPEX 원단위 33.4억/km/년(7점 중 최고, 최저의 13배 — 해상 특수 밴드 30+) + 원장 V-010 특이란 ""해상 특수·SCS 비용보전 3원 대사"". openYear=2011: 스크립트 OPEN_YEAR=2011 주석 ""유료화 기준""(개통 2010.12.13·유료화 201",ETL-케이스
마창,도시권-성장형,2008,1군(홀드아웃),"2017.1 — MRG(추정통행료수입 75.78% 보장·100% 환수·초과 50:50·30년) → 사용료수입 분할관리(경남도 31.56% : SPC 68.44%, 대안적 MCC), 도 재정부담 2,189억→487억 = 1,702억 절감 (census)","개통(2008) 2,400원 → 2009.9~2010.12 한시 2,000원 인하 → 2012.8 인상 → 현행 2,500원 → 2025.10~ 출퇴근 20% 감면(1,700원)","openYear: 스크립트 docstring ""개통 2008.7.1(유료)"" 및 코드 OPEN_YEAR=2008. facilityType: v2-overcoming-design §1 시설유형 그룹 정의가 ""②도시권-성장형(마창 35→89 · 일산 50→103 · 범안로 2.2배 — 낮은 초기 + 장기 성장 기울기)""로 마창을 명시 배정 — 스크립트도 ""도시 연결 해상교량""·관찰부 ""최강 회복 기울기(연선개발·창원 도시 성장 동인): 도시권은 '낮게 시작, 길게 회복'""으로 실현율 35.3%→89.4% 수렴 패턴이 ② 정의와 정합. 1.7km 해상 사장교라 형태상 ④특수(해상교량) 후보이나, ④의 기준 케이스(거가: 무램프업 60%대·배후 산업 경기 연동)와 달리 도시 연결·배후 도시 성장 동인이 지배하므로 ",ETL-케이스
백양,도시권-정체형,2000,1군,"1차 변경협약 2007.11.19 · 2차 변경협약 2009.11.14 (실시협약 1999.12.20, 부산지법 2016구합20037 판결문으로 확정; 착공 1993.7이라 원협약 별도 존재 가능성✚)","2025 무료화(2025.1.9 만료→1.10 무료 전환, 25년 생애주기 완결 1호) — 무료화 후 통행량 +8.4~9.2%(시 예측 41% 증가의 1/4). 데이터 연도(~2023) 이후 이벤트라 rows에는 영향 없음","facilityType: 스크립트 특이 행(17행) ""도시터널 시설유형 그룹"" 명기 + 부산 기성 시가지 2.3km 도시터널(LEN_KM=2.3) + 협약 종점(97,067) 끝내 미달(74~77%) + 2016 정점(82,034) 이후 수요 감소 + 무료화 탄력 +8~9%뿐(도시터널은 요금 탄력 낮음 — 인천대교 반대편 실증, v2-overcoming-design §1 요금 이벤트 공변량에서 백양을 이 위치로 인용) → v2-overcoming-design §1 그룹③ 도시권-정체형(기성 시가지 터널·배후 개발 부재) 기준 부합. 단 2006→2016 절대 수요 성장(51,035→82,034)은 성장형 요소로 병기해 둠(배후 신도시 개발 더미는 부재). openYear: 스크립트 OPEN_YEAR=2000",ETL-케이스
미시령,간선,2006,1군,없음(재구조화 미성사 — 유료도로법 소급 적용 분쟁 헌재 계류 '25 · 국민연금 대주주 배임 우려로 재협상 봉쇄 · 강원도 MCC 전환 검토 단계),없음,"facilityType=간선: v2-overcoming-design §1 4그룹 정의 기준 — ②도시권-성장형(배후 개발 진행 도시부)·③도시권-정체형(기성 시가지 터널: 문학·우면산)·④특수(거가 해상) 어디에도 해당 없음. 미시령은 인제~속초 축 지역 간선 통과 교통 노선(연장 15.7km 중 터널 3.7km, 스크립트 LEN_KM 주석)으로 기성 시가지 터널이 아니며, v2 문서 §0 실패 분해표가 미시령을 '경쟁 회랑' 유형(인천공항·대구부산과 동렬)으로, §1 공변량 항이 '경쟁 회랑: 계획 노선 포함(미시령-서울양양)'으로 분류 — 즉 간선축 회랑 경쟁 케이스. 단 §4는 '소형 터널 사업 보전 배율 상위'(우면산·문학·미시령·범안로)로도 묶으므로 보전 배율 경보 축에서는 소형 터널군 병기 필요.",ETL-케이스
범안로,도시권-성장형,2002,1군,"2012.6 의결·2012.7 시행(제3차 변경) — MRG(최초 90%→변경 79.8% 추정, 상충 병기)→비용보전(SCS) 전환·보장 이자율 4.8% 조정",2026.9.1 전면 무료화 확정(2026.8.31 협약 만료 — 24년 완결 2호·공단 이관),"route/openYear: backtest_case_beoman.py 3행(케이스 #15 — 범안로, 대구동부순환도로(주))·30행 OPEN_YEAR=2002(유료 개시는 2001.9.24 삼덕/2002.9.1 고모 이원 — 7~8행). facilityType=도시권-성장형: ①스크립트 20행 '도시고속화도로(도시권 그룹 4호)'·14~15행 '개통 2002년 22,715→2016년 4만+→2025년 50,643, 25년간 2.2배 성장 — 도시권 성장 회복 3호'·80~81행 관찰 '마창·일산과 동일 패턴, 낮은 초기+장기 성장 기울기' ②v2-overcoming-design.md §1 시설유형 그룹 정의에서 범안로가 도시권-성장형(②) 예시로 명시적 등재('마창 35→89 · 일산 50→103 · 범안",ETL-케이스
인천공항,간선,2000,선행,없음(공식 사업재구조화 아님) — 2015 자금재조달로 협약수익률 9.7→9.36%(판례)·MRG 90%(1차 변경협약 2000.12.27)→80%(2004.4.21)·MRG 20년 2020.12 종료. 패널 비고는 'NABO 수입패널 제외 표본(재구조화6)'으로 분류,"2023.10 영종대교 구간 통행료 6,600→3,200원 인하(위키 census 특이사항 — 실현율 63.7%('22)→99.2%('24) 반등과 정합) · 2025.12 인천대교와 통합채산제 편입(위키 census)","개통 2000.11.21=위키 census §인천국제공항고속도로(국내 최초 BTO; 스크립트 협약·실측 축은 2001 시작=운영 1년차) · 군=verification_ledger V-001 '선행' · 재구조화·MRG=backtest_case_incheon.py 독스트링·PLAN_RETURN/PLAN_RETURN_2015·MRG_RATE 상수 + realization_panel.csv 비고 '재구조화6(NABO 수입패널 제외 표본)' · 요금이벤트=ppp-road-census-backtest-2026.md 특이사항 · 시설유형=고속도로 축(간선; v2-overcoming-design §1은 인천공항을 초기군 고속도로 램프업 모집단·경쟁 회랑(영종대교-인천대교) 공변량으로 취급, 별도 그룹 아님)",meta-agent1
천안-논산,간선,2002,1군,"2019.12 — 2019.12.18 변경협약(요금 -48%, 기간 연장 없음)·2019.12.23 요금 반값 시행, 스크립트 RESTRUCT=2020(2020~ 변경체제)","2019.12.23 통행료 반값 시행(-48%; 위키 census: 9,400→4,900원, 도로공사 선투자 방식)","개통=backtest_case_cheonan.py 'OPEN_YEAR=2003 # 개통 2002.12.24 → 1년차=2003'(위키 census는 2002.12.23 — 일자 불일치, 연도 동일) · 군=ledger V-003 1군 · 재구조화·요금=스크립트 독스트링·RESTRUCT 상수+위키 census §천안-논산 특이사항 · 패널 비고 '재구조화6' · 시설유형=고속도로 축(간선)",meta-agent1
대구-부산,간선,2006,1군,"2020.12 — 3차 변경협약 2020.12.22(1종 10,500→5,000, 도공 선투자, 운영기간 30년 유지 — KIS 원문 확정)·2020.12.24 요금 반값 시행, 스크립트 RESTRUCT=2021(2021~ 변경체제). 선행 이벤트: MRG 90%→77%('08.5 변경협약)","2020.12.24 요금 반값 시행(1종 10,500→5,000원; 위키 census -52.4%)",개통 2006(2.12)=위키 census §대구-부산고속도로(스크립트에 개통연도 없음; MRG 보장만기 2026.2=20년 보장 역산과 정합) · 군=ledger V-004 1군 · 재구조화·요금=backtest_case_daegu.py 독스트링·RESTRUCT 상수 · 패널 비고 '재구조화6' · 시설유형=고속도로 축(간선; v2 설계상 경쟁 회랑(경부축) 하단 공변량 케이스),meta-agent1
부산-울산,간선,2008,1군,없음 — 스크립트상 재구조화·변경협약 기록 없음(최초 실시협약 2006.5.12 자체가 BTO-a 원형 비용보전 구조: 자기자본 6% 미달 보전/8% 초과 환수). 패널 비고는 'NABO 수입패널 제외 표본(재구조화6)'으로 분류,"없음 — 인하 이벤트 기록 없음(협약 통행료 '16 4,000→'19 4,200원, NABO)",개통 2008.12.29=backtest_case_busanulsan.py 독스트링(위키 census 동일) · 군=ledger V-007 1군 · 구조=스크립트 독스트링(최초협약서 원문 73p 확보·제41조 수익률 세전 4.74%/세후 4.21%·도공 51%+국민연금 49% 공공출자 SPC) · 시설유형=고속도로 축(간선),meta-agent1
서울-춘천,간선,2009,1군,"2020.12.22 — 기간연장+차액보전 재구조화: 통행료 5,700→4,100원(-28.1%), 운영 '39.08→'54.08(+15년), 기존기간 수익률 6.98% 유지·연장기간 2.01%(세전경상), 사업권가치 9,300억(MP-24-11 표2-13)","2018.4.16 자금재조달 인하 6,800→5,700원(-16.2%) · 2020.12.22 재구조화 인하 5,700→4,100원(-28.1%)","개통 2009=스크립트 MRG 15년('09~'24) 기간+위키 census 2009.7.15 · 군=ledger V-006 1군 · 재구조화·요금=backtest_case_chuncheon.py 독스트링(최초협약 2004.3.19, 원문 78p 확보) · 패널 비고 '재구조화6' · 시설유형=고속도로 축(간선; v2 공변량 '재구조화로 갓 리셋된 축' 케이스 — P50 1.0 수축 대상)",meta-agent1
서수원-평택,간선,2009,2군,"없음 — 순수 BTO, MRG·재구조화 없음(계획vs실적 비교에 가장 깨끗한 구조; 스크립트 독스트링·위키 census 일치)","없음 — 인하 이벤트 없는 통행료 동결(징수 2,700원 vs 협약 가정 3,100원 → '23부터 수입은 협약 미달 전환, 미인상분 보전 대상 구조)",개통 2009.10.29=backtest_case_seosuwon.py 독스트링·OPEN_YEAR=2009 · 군=ledger V-017 2군 · 구조=스크립트 독스트링(최초 실시협약 2005.1.10 원문 58p 확보) · 시설유형=고속도로 축(간선; 실현율 107~117% 초과는 v2 설계상 배후 개발(동탄) 상단 공변량·우측 성분 p_up 케이스이지 도시권 그룹 아님),meta-agent1
평택-시흥,간선,2013,미채점(원장 V 없음 — KOTI 22개 패널 표본만),없음 — MRG 폐지 후 신규 BTO(위키 census). 자금재조달 절감분을 통행료 인하 등 공익 목적에 사용하는 협약변경 이력 있음(연도 미상),"명시 이벤트 없음 — 자금재조달 절감분의 통행료 인하 활용 협약변경 이력만 기록(위키 census 특이사항, 연도 미상)",케이스 스크립트 없음 → 위키 ppp-road-census-backtest-2026.md §평택-시흥고속도로(제2서해안)로 충당: 개통 2013.3.28·SPC 제이서해안고속도로(주)·MRG 없음·협약대비 통행량 91.9%('16)/92.3%('18) · verification_ledger V-001~022에 부재=미채점 · 패널(realization_panel.csv)에는 교통량 '22~'24+수입 '21~'25 존재(비고 없음) · 시설유형=고속도로 축(간선),meta-agent1
용인-서울,간선,2009,2군,"없음 — 재구조화 아님. 2015 자금재조달(3차 변경실시협약, 위키 census)·MRG 없음","없음 — 인하 이벤트 없는 요금 동결(징수 1,800원 vs 협약 2,200원 → 수입 실현율 80.8('21)→62.5%('25) 하락 일로)","개통 2009.7.1=backtest_case_yongin.py 독스트링(실시협약 2005.1.10, 회사 공식) · 군=ledger V-018 2군 · 구조=스크립트 독스트링+위키 census §용인-서울(MRG 없음·2015 자금재조달) · 시설유형=고속도로 축(간선; 스크립트 관찰의 '마창·일산·범안로 도시권 성장 패턴과 동일(수지·광교)'은 v2 설계상 배후 개발 공변량 더미이지 도시권-성장형 그룹 배속 아님)",meta-agent1
인천대교,특수,2009,1군,"없음(채점 구간 '22~'24 기준) — 단 위키 census는 2025.12 인천공항고속도로와 통합채산제 적용+통행료 징수기간 2061년까지 연장을 '재구조화'로 표기(채점 구간 이후 이벤트). 1차 변경협약(175p, 최초 108p보다 大)은 전면 변경 추정 — 협약축 세대 판별 과제","통행료 63% 인하(소형 5,500→2,000원) — 시점 표기 소스 불일치: 스크립트 2023.10.18(정책브리핑) / 원장 V-008 ''24 요금 63% 인하' / 위키 census 2025.12.18. 실현율 82.3('22)→102.1('23)→108.5%('24) 초과 전환은 스크립트가 인하 직후 효과로 기술","개통 2009=backtest_case_incheonbridge.py 독스트링 2009.10.19(위키 census 10.24 — 일자 불일치, 연도 동일) · 군=ledger V-008 1군 · MRG 80%/환수 120%·15년('09~'24)=스크립트 독스트링 · 시설유형=특수(12.3km 해상교량 — v2-overcoming-design §1 ④특수·단일목적, 거가대교 동류; 회랑 경쟁(영종대교·공항철도) 공변량)",meta-agent1
일산-퇴계원,간선,2006,1군,"2018.3.29 — 국내 사업재구조화 1호: 기간연장+투자자변경, 통행료 4,800→3,200원(-33%), 운영 '36→'56(+20년), 기존기간 8.51% 유지+MRG 등 신규투자자 부담, 연장기간 2.74%(세전경상) 최소비용보전, 사업권가치 2조3,053억, 국민연금 86%→(연장기간) 미래에셋 60%(MP-24-11 표2-12)","2018.3.29 통행료 4,800→3,200원(-33%, 재구조화와 동시) — 참고: 개통 통행료 4,300원('07.12~'09.12 명시)",해당 스크립트=backtest_case_seoulbeltway.py(일산대교 backtest_case_ilsan.py와 별개 노선) · 개통 2006=스크립트 최초협약 체제 2006.6~+MRG 90% 20년('06~'26); 위키 census '개통 2006~2007(완전개통 2007.12.28)' · 군=ledger V-005 1군('수도권1순환 퇴계원-일산') · 재구조화·요금=스크립트 독스트링 · 패널 표기=realization_panel.csv '일산-퇴계원'(원문표기 '서울외곽(일산-퇴계원)')·비고 '재구조화6' · 시설유형=수도권 순환 고속도로 축(간선; v2 공변량 '재구조화로 갓 리셋된 축' 케이스),meta-agent1
인천-김포,간선,2017,2군,"없음 — 2기 신규 사업(MRG 무), 재구조화 이력 없음","없음 — 인하 이벤트 없는 요금 동결(징수 2,600원 vs 협약 2,800원 → 수입 실현율 67.2('21)→58.2%('25) 하락)","개통 2017.3=backtest_case_incheongimpo.py 독스트링(28.9km 수도권2순환 서측; 위키 census '2017 3월 개통, 건설 2012.3~2017.3') · 군=ledger V-020 2군 · 협약수익률 세후실질 5.07%(NABO 2009 본문 — 2기 수익률 하향 클러스터)=스크립트 독스트링 · 시설유형=고속도로 축(간선)",meta-agent1
광주-원주,간선,2016,선행(V-002 — 1군·2군 편성 전 선행 케이스),없음,없음(이벤트성 인하·무료화 없음 — 미인상·명절면제 통행료 재정지원 누적: 케이스 스크립트 SUBSIDY '18 7.2억→'25 161.6억),"개통: backtest_case_gwangju.py(최초 실시협약 2008.5.30)·census 문서 '개통 2016 (11.11 개통, 착공 2011.11)'·data-panel.md '광주-원주 (개통 2016)' / 군: v2-overcoming-design.md 'V-001~021 (1군 14 + 2군 5 + 인천공항·광주원주)' + progress 원장 'V-002 광주-원주 (2기·MRG무)' / 재구조화: realization_panel.csv 재구조화6 표본 미포함 + data-panel.md 수입패널 '17개 노선 완전 수록(재구조화 6개 노선 제외)'에 포함 + census 'MRG 미적용' / 요금이벤트: backtest_case_gwangju.py SUBSIDY 주석 '미인상·면제 통",meta-agent2
상주-영천,간선,2017,"홀드아웃(V-022 사전 등록 홀드아웃 채점, '26-07-31)",없음,"통행료 관리 로드맵('18.8) 2단계 자금재조달 대상 — 요금 1.31배→1.1배 내외로 '22년까지 순차 인하 계획, 실제 시행 시점·인하율 미확보(✚, 잠정)","개통: backtest_case_sangju.py OPEN_DATE='2017-06-27'(CEPHIS 기본정보)·census '2017 (6월 개통, 연장 94.0km)' / 군: prereg-v022-sangju-yeongcheon-2026.md 제목 '홀드아웃 채점 (결과 확인 전 등록)' / 재구조화: NABO 수입패널 17노선 포함(재구조화 6개 제외 표본) / 요금이벤트: prereg 문서 §2 0단계 게이트 표 — 국토부 「민자고속도로 통행료 관리 로드맵」('18.8)",meta-agent2
옥산-오창,간선,2018,"미배정(원장 군 라벨 없음 — 백테스트 미착수, 패널에는 NABO 수입축만 등재)",없음,없음(확인된 이벤트 없음),"개통: census '2018 (CEPHIS 기준; 2014.1 착공 후 4년, 연장 12.1km)' / 실측: 협약대비 37.8%('21, KOTI 수시22-02 p.43-44 — 전국 최하위권)·수입 실현율 33.4→25.0% 최저 수준(data-panel.md NABO 수입패널) / 유형: 고속국도 32호 간선 축 / 재구조화: NABO 수입패널 17노선 포함",meta-agent2
구리-포천,간선,2017,미배정(원장 군 라벨 없음 — 백테스트 미착수),없음,없음(확인된 이벤트 없음 — '25 징수 급증은 'IC 신설?' 의문부호로만 기록),"개통: census '2017 (6.30 개통, 연장 50.6km)'·data-panel.md '구리-포천 (개통 2017)' / census 특이사항 'MRG 미적용' / 요금이벤트 관련: data-panel.md 수입패널 '구리-포천 88.9→90.8% 양호('25 징수 급증 — IC 신설?)' / 재구조화: NABO 수입패널 17노선 포함 / 유형: 고속국도 29호(세종포천선 북측) 간선 축",meta-agent2
봉담-송산,간선,2021,미배정(원장 군 라벨 없음 — 백테스트 미착수),없음,없음(확인된 이벤트 없음),"개통: census '2021 (4.28 개통, 연장 18.3km, 착공 2017.4)'·data-panel.md '봉담-송산 (개통 2021)' / 유형: 수도권제2순환 남서측(고속국도 400호) 간선 순환축 — 단 화성 배후 개발 진행 지역으로 성장형 공변량 검토 여지 / 재구조화: NABO 수입패널 17노선 포함",meta-agent2
부산신항제2배후,특수,2017,미배정(원장 군 라벨 없음 — 백테스트 미착수),없음,없음(확인된 이벤트 없음),"개통: census '2017 (1.13 개통, 연장 15.3km)'·data-panel.md '부산신항제2배후 (개통 2017)' / 유형: census 특이사항 '항만 물동량 연동 수요라는 특수성' — v2 그룹④(특수·단일목적, 배후 산업 경기 연동) 기준 / 재구조화: census 'MRG 없는 BTO로 명시'·NABO 수입패널 포함(부산항신항 52.8→30.3% 최악 하락) / 실현율 46.7→35.6% 하락(data-panel.md)",meta-agent2
서울-문산,간선,2020,미배정(원장 군 라벨 없음 — 백테스트 미착수),없음,"없음(개통 초 통행료 갈등 이력은 '합의한 전문기관 검증'으로 해소 — 인하·무료화 이벤트 아님, KOTI RR-23-19 갈등사례)","개통: census '2020 (11월 개통, 연장 35.2km)'·data-panel.md '서울-문산 (개통 2020)' / 요금이벤트 관련: census 계획자료·특이사항(KOTI ④ RR-23-19 통행료 갈등 해소 2사례 중 하나) / 재구조화: NABO 수입패널 17노선 포함(81.9→84.2% 양호) / 유형: 고속국도 17호 북측 간선 축",meta-agent2
수원-광명,간선,2016,미배정(원장 군 라벨 없음 — 백테스트 미착수),없음,없음(확인된 이벤트 없음),"개통: census '2016 (4.28 개통, 운영기간 '16.04~'46.04 30년)'·data-panel.md '수원-광명 (개통 2016)' / census 특이사항 'MRG 미적용(2009 이후 협약)' / 재구조화: NABO 수입패널 17노선 포함(77.2→76.6% 정체) / 유형: 고속국도 17호 간선 축",meta-agent2
평택-부여,간선,2024,미배정(원장 군 라벨 없음 — REG-2026-001 전향 예측 대상·채점 재료),없음,없음(확인된 이벤트 없음),"개통: census '2024 (12.10 개통, 연장 94km — 민자고속도로 최장 노선(전체 137.7km)의 1단계)'·data-panel.md '평택-부여 (개통 2024)'·realization_panel.csv 비고 '개통 초기(부분·램프업)' / 군: data-panel.md 수입패널 'REG-2026-001 대상 — 채점 재료' / census '2019년 실시협약 — BTO-a 시대 사업' / 유형: 서부내륙 1단계(고속국도 17/173호) 간선 축",meta-agent2
포천-화도,간선,2024,미배정(원장 군 라벨 없음 — REG-2026-001 전향 예측 대상·채점 재료),없음,없음(확인된 이벤트 없음),"개통: census '2024 (2월 초 개통, 연장 28.7km)'·data-panel.md '포천-화도 (개통 2024)'·realization_panel.csv 비고 '개통 초기(부분·램프업)' / 군: data-panel.md 수입패널 'REG-2026-001 전향 예측 대상 — 채점 재료' / 유형: 수도권제2순환 북동측(고속국도 400호) 간선 순환축",meta-agent2
화성-광주,간선,2022,미배정(원장 군 라벨 없음 — 후속 케이스 후보: '수입도 초과하는 2번째 반례'),없음,없음(통행료 갈등 해소 사례 '이천오산'으로 KOTI RR-23-19 수록 — 인하·무료화 이벤트는 미확인),"개통: census '2022 (5월 개통, 연장 31.2km, 착공 2017.3; 구 사업명 이천-오산)'·data-panel.md '화성-광주 (개통 2022)' / 군: data-panel.md 수입패널 '화성-광주 110.0→109.0% — 수입도 초과하는 2번째 반례(손실 음수) — 후속 케이스 후보' + v2-overcoming-design §1 p_up 표본(초과 2개: 서수원평택·화성광주) / 유형: 수도권제2순환 남동측(고속국도 400호) 간선 축 — 배후 개발 상단 공변량 후보",meta-agent2
